Name,coordinates,FEATUREID,ΚΩΔΙΚΟΣ ΣΗΜΕΙΟΥ
1507,"<Point><coordinates> 33.35805717100004,35.16370655000003,0</coordinates></Point>",1,1507
1507,"<Point><coordinates> 33.35785099800006,35.16087040600007,0</coordinates></Point>",2,1507
1507,"<Point><coordinates> 33.35761622700005,35.15913695900008,0</coordinates></Point>",3,1507
1507,"<Point><coordinates> 33.35744522700003,35.15850654200006,0</coordinates></Point>",4,1507
1513,"<Point><coordinates> 33.35763157900004,35.15978749200008,0</coordinates></Point>",5,1513
1513,"<Point><coordinates> 33.35765449100006,35.15978336400008,0</coordinates></Point>",6,1513
1515,"<Point><coordinates> 33.35764358700004,35.15916818200003,0</coordinates></Point>",7,1515
1507,"<Point><coordinates> 33.35942166600006,35.15858726600004,0</coordinates></Point>",8,1507
1507,"<Point><coordinates> 33.36864034000007,35.16047382000005,0</coordinates></Point>",9,1507
1507,"<Point><coordinates> 33.36750370300007,35.16068300000006,0</coordinates></Point>",10,1507
1507,"<Point><coordinates> 33.36337891400007,35.15848066600006,0</coordinates></Point>",11,1507
1507,"<Point><coordinates> 33.36125139900003,35.15923314800006,0</coordinates></Point>",12,1507
1507,"<Point><coordinates> 33.36102523400007,35.15843251100006,0</coordinates></Point>",13,1507
1507,"<Point><coordinates> 33.36107233400003,35.15871985100006,0</coordinates></Point>",14,1507
1507,"<Point><coordinates> 33.36069085600008,35.15890464600005,0</coordinates></Point>",15,1507
1507,"<Point><coordinates> 33.35943587700007,35.16144918200007,0</coordinates></Point>",16,1507
1509,"<Point><coordinates> 33.36008565200007,35.16209914800004,0</coordinates></Point>",17,1509
1513,"<Point><coordinates> 33.37130097900007,35.16028166300004,0</coordinates></Point>",18,1513
1513,"<Point><coordinates> 33.36927802400004,35.16004619400007,0</coordinates></Point>",19,1513
1513,"<Point><coordinates> 33.36863015600005,35.16079314300004,0</coordinates></Point>",20,1513
1513,"<Point><coordinates> 33.36811935300005,35.16075554700007,0</coordinates></Point>",21,1513
1515,"<Point><coordinates> 33.36785781800006,35.16068349600005,0</coordinates></Point>",22,1515
1515,"<Point><coordinates> 33.36135351700006,35.15873446600006,0</coordinates></Point>",23,1515
1519,"<Point><coordinates> 33.36368359100004,35.16337814500002,0</coordinates></Point>",24,1519
1506,"<Point><coordinates> 33.35687420300008,35.15638025000004,0</coordinates></Point>",25,1506
1515,"<Point><coordinates> 33.35673603900005,35.15626043500004,0</coordinates></Point>",26,1515
1515,"<Point><coordinates> 33.35673185200005,35.15626576800003,0</coordinates></Point>",27,1515
1515,"<Point><coordinates> 33.35828246300008,35.15898366400006,0</coordinates></Point>",28,1515
1551,"<Point><coordinates> 33.34708410600007,35.15235915900007,0</coordinates></Point>",29,1551
1551,"<Point><coordinates> 33.34986695700007,35.16532108700005,0</coordinates></Point>",30,1551
1506,"<Point><coordinates> 33.35172240300005,35.15781041500003,0</coordinates></Point>",31,1506
1506,"<Point><coordinates> 33.35179726800004,35.15844674100003,0</coordinates></Point>",32,1506
1506,"<Point><coordinates> 33.35158320900007,35.15645640400004,0</coordinates></Point>",33,1506
1506,"<Point><coordinates> 33.35090029900005,35.16030891200006,0</coordinates></Point>",34,1506
1507,"<Point><coordinates> 33.34658323000008,35.15367966500003,0</coordinates></Point>",35,1507
1507,"<Point><coordinates> 33.35336731600006,35.15764286200005,0</coordinates></Point>",36,1507
1507,"<Point><coordinates> 33.34865657300003,35.16368139800005,0</coordinates></Point>",37,1507
1507,"<Point><coordinates> 33.34857315300008,35.16359938500006,0</coordinates></Point>",38,1507
1507,"<Point><coordinates> 33.34848527800006,35.16351478600006,0</coordinates></Point>",39,1507
1507,"<Point><coordinates> 33.34839502900007,35.16342345100003,0</coordinates></Point>",40,1507
1507,"<Point><coordinates> 33.34830587000005,35.16333836700005,0</coordinates></Point>",41,1507
1507,"<Point><coordinates> 33.34821871000003,35.16325846800004,0</coordinates></Point>",42,1507
1507,"<Point><coordinates> 33.34812221500005,35.16317580900005,0</coordinates></Point>",43,1507
1507,"<Point><coordinates> 33.34802522600006,35.16309828300007,0</coordinates></Point>",44,1507
1507,"<Point><coordinates> 33.34793751700005,35.16301745700002,0</coordinates></Point>",45,1507
1507,"<Point><coordinates> 33.34783050000004,35.16294716100003,0</coordinates></Point>",46,1507
1507,"<Point><coordinates> 33.34774135800006,35.16286366500003,0</coordinates></Point>",47,1507
1507,"<Point><coordinates> 33.34764521000005,35.16278279700003,0</coordinates></Point>",48,1507
1507,"<Point><coordinates> 33.34754627500007,35.16270619000005,0</coordinates></Point>",49,1507
1507,"<Point><coordinates> 33.34745516700008,35.16262999600008,0</coordinates></Point>",50,1507
1507,"<Point><coordinates> 33.34735829700003,35.16254690600005,0</coordinates></Point>",51,1507
1507,"<Point><coordinates> 33.34725191500007,35.16246905000003,0</coordinates></Point>",52,1507
1507,"<Point><coordinates> 33.34716164400004,35.16239184700004,0</coordinates></Point>",53,1507
1507,"<Point><coordinates> 33.34705741600004,35.16231628400004,0</coordinates></Point>",54,1507
1507,"<Point><coordinates> 33.34698479400004,35.16225765400003,0</coordinates></Point>",55,1507
1507,"<Point><coordinates> 33.34988271600003,35.16576796100003,0</coordinates></Point>",56,1507
1507,"<Point><coordinates> 33.35026447600006,35.16634120100008,0</coordinates></Point>",57,1507
1507,"<Point><coordinates> 33.35073650600003,35.16434851400004,0</coordinates></Point>",58,1507
1507,"<Point><coordinates> 33.35068421200003,35.16444149300003,0</coordinates></Point>",59,1507
1507,"<Point><coordinates> 33.35062377400004,35.16454147600007,0</coordinates></Point>",60,1507
1507,"<Point><coordinates> 33.35057460100006,35.16463776900002,0</coordinates></Point>",61,1507
1507,"<Point><coordinates> 33.35051220000003,35.16474248600008,0</coordinates></Point>",62,1507
1507,"<Point><coordinates> 33.35055914500003,35.16475730200006,0</coordinates></Point>",63,1507
1507,"<Point><coordinates> 33.35051913100006,35.16482143000008,0</coordinates></Point>",64,1507
1507,"<Point><coordinates> 33.35045112100005,35.16477206300004,0</coordinates></Point>",65,1507
1507,"<Point><coordinates> 33.35034389500004,35.16481941000006,0</coordinates></Point>",66,1507
1507,"<Point><coordinates> 33.35028371600004,35.16488316700003,0</coordinates></Point>",67,1507
1507,"<Point><coordinates> 33.35022187200008,35.16494841800005,0</coordinates></Point>",68,1507
1507,"<Point><coordinates> 33.35008812600006,35.16507903000007,0</coordinates></Point>",69,1507
1507,"<Point><coordinates> 33.35002167000005,35.16513809000003,0</coordinates></Point>",70,1507
1507,"<Point><coordinates> 33.34995575900007,35.16519287200003,0</coordinates></Point>",71,1507
1507,"<Point><coordinates> 33.35397900700008,35.16320544100006,0</coordinates></Point>",72,1507
1507,"<Point><coordinates> 33.35316335200002,35.16369629600007,0</coordinates></Point>",73,1507
1507,"<Point><coordinates> 33.35326148800004,35.16372142500006,0</coordinates></Point>",74,1507
1507,"<Point><coordinates> 33.35326099100007,35.16317620100006,0</coordinates></Point>",75,1507
1507,"<Point><coordinates> 33.35284920000004,35.16223488200006,0</coordinates></Point>",76,1507
1507,"<Point><coordinates> 33.35336427300007,35.15884394400007,0</coordinates></Point>",77,1507
1507,"<Point><coordinates> 33.35302245500003,35.15977217100004,0</coordinates></Point>",78,1507
1507,"<Point><coordinates> 33.35372688500007,35.15793428900003,0</coordinates></Point>",79,1507
1507,"<Point><coordinates> 33.35288874900004,35.15731136900007,0</coordinates></Point>",80,1507
1507,"<Point><coordinates> 33.35284237800005,35.15795064200006,0</coordinates></Point>",81,1507
1507,"<Point><coordinates> 33.35178413100005,35.16230592800008,0</coordinates></Point>",82,1507
1507,"<Point><coordinates> 33.35203020600005,35.16228491300007,0</coordinates></Point>",83,1507
1507,"<Point><coordinates> 33.35202654500006,35.16221017500004,0</coordinates></Point>",84,1507
1507,"<Point><coordinates> 33.35218098600006,35.16229165300007,0</coordinates></Point>",85,1507
1507,"<Point><coordinates> 33.35207632100003,35.16183901200003,0</coordinates></Point>",86,1507
1507,"<Point><coordinates> 33.35191062800004,35.16349201500003,0</coordinates></Point>",87,1507
1507,"<Point><coordinates> 33.35175181600005,35.16290667400006,0</coordinates></Point>",88,1507
1507,"<Point><coordinates> 33.35184842500007,35.16254450000002,0</coordinates></Point>",89,1507
1507,"<Point><coordinates> 33.35184075700005,35.16249580800007,0</coordinates></Point>",90,1507
1507,"<Point><coordinates> 33.35183695900003,35.16303576600006,0</coordinates></Point>",91,1507
1507,"<Point><coordinates> 33.35227725100003,35.16277873800004,0</coordinates></Point>",92,1507
1507,"<Point><coordinates> 33.35204550600002,35.16308632200003,0</coordinates></Point>",93,1507
1507,"<Point><coordinates> 33.35124640900006,35.16232825200007,0</coordinates></Point>",94,1507
1507,"<Point><coordinates> 33.35105155800005,35.16200511300008,0</coordinates></Point>",95,1507
1507,"<Point><coordinates> 33.35128396900007,35.16231524600005,0</coordinates></Point>",96,1507
1507,"<Point><coordinates> 33.35147730400007,35.16352976800005,0</coordinates></Point>",97,1507
1507,"<Point><coordinates> 33.35128782600003,35.16335849800004,0</coordinates></Point>",98,1507
1507,"<Point><coordinates> 33.35135219100005,35.16326558300005,0</coordinates></Point>",99,1507
1507,"<Point><coordinates> 33.35144689700007,35.16344737800006,0</coordinates></Point>",100,1507
1507,"<Point><coordinates> 33.35158379900003,35.16320507700004,0</coordinates></Point>",101,1507
1507,"<Point><coordinates> 33.35060681900006,35.16669197000005,0</coordinates></Point>",102,1507
1507,"<Point><coordinates> 33.35078225200005,35.16678951400007,0</coordinates></Point>",103,1507
1507,"<Point><coordinates> 33.35042001000005,35.16196139400006,0</coordinates></Point>",104,1507
1507,"<Point><coordinates> 33.35085162200005,35.16192729500006,0</coordinates></Point>",105,1507
1507,"<Point><coordinates> 33.35080402000006,35.16206786600003,0</coordinates></Point>",106,1507
1507,"<Point><coordinates> 33.35041836000005,35.16482612300007,0</coordinates></Point>",107,1507
1507,"<Point><coordinates> 33.35067319900003,35.16281175000006,0</coordinates></Point>",108,1507
1507,"<Point><coordinates> 33.35191653400005,35.16011258400005,0</coordinates></Point>",109,1507
1507,"<Point><coordinates> 33.35097051900004,35.16104351800004,0</coordinates></Point>",110,1507
1507,"<Point><coordinates> 33.35097292000006,35.16116046300004,0</coordinates></Point>",111,1507
1507,"<Point><coordinates> 33.35111952700004,35.16046997200004,0</coordinates></Point>",112,1507
1507,"<Point><coordinates> 33.35134049400006,35.16041886300008,0</coordinates></Point>",113,1507
1507,"<Point><coordinates> 33.35148375000006,35.16007767900004,0</coordinates></Point>",114,1507
1507,"<Point><coordinates> 33.35103641400008,35.15973316700007,0</coordinates></Point>",115,1507
1507,"<Point><coordinates> 33.35183474100006,35.15653936300004,0</coordinates></Point>",116,1507
1507,"<Point><coordinates> 33.35124623600007,35.15787784700007,0</coordinates></Point>",117,1507
1507,"<Point><coordinates> 33.35113567100007,35.15789859500006,0</coordinates></Point>",118,1507
1507,"<Point><coordinates> 33.35023598700008,35.16047272300006,0</coordinates></Point>",119,1507
1507,"<Point><coordinates> 33.35063510600003,35.16063362800003,0</coordinates></Point>",120,1507
1507,"<Point><coordinates> 33.35076523800007,35.16165741700007,0</coordinates></Point>",121,1507
1507,"<Point><coordinates> 33.35017866600003,35.15925721900004,0</coordinates></Point>",122,1507
1507,"<Point><coordinates> 33.35076665300005,35.15875643700008,0</coordinates></Point>",123,1507
1507,"<Point><coordinates> 33.35079034900008,35.15955467100002,0</coordinates></Point>",124,1507
1507,"<Point><coordinates> 33.35048244900003,35.15943388200003,0</coordinates></Point>",125,1507
1507,"<Point><coordinates> 33.35020530600008,35.15992454000008,0</coordinates></Point>",126,1507
1507,"<Point><coordinates> 33.35007162800002,35.16099739800006,0</coordinates></Point>",127,1507
1507,"<Point><coordinates> 33.34995562300003,35.16080479300007,0</coordinates></Point>",128,1507
1507,"<Point><coordinates> 33.34994577300006,35.16075036700005,0</coordinates></Point>",129,1507
1507,"<Point><coordinates> 33.34993079900005,35.15934206700007,0</coordinates></Point>",130,1507
1507,"<Point><coordinates> 33.35089033700007,35.16078440100006,0</coordinates></Point>",131,1507
1507,"<Point><coordinates> 33.35088017300006,35.16081796400005,0</coordinates></Point>",132,1507
1507,"<Point><coordinates> 33.35089387600004,35.16112850300004,0</coordinates></Point>",133,1507
1507,"<Point><coordinates> 33.35089856700006,35.15992329800002,0</coordinates></Point>",134,1507
1507,"<Point><coordinates> 33.35237054900006,35.16303267100005,0</coordinates></Point>",135,1507
1507,"<Point><coordinates> 33.35236626300008,35.16003014600005,0</coordinates></Point>",136,1507
1507,"<Point><coordinates> 33.34909186100003,35.16658284100004,0</coordinates></Point>",137,1507
1507,"<Point><coordinates> 33.34921959200005,35.16625938100003,0</coordinates></Point>",138,1507
1507,"<Point><coordinates> 33.34653693000007,35.15280444700005,0</coordinates></Point>",139,1507
1507,"<Point><coordinates> 33.34660040200004,35.15282385900008,0</coordinates></Point>",140,1507
1507,"<Point><coordinates> 33.34675673500004,35.15284985300008,0</coordinates></Point>",141,1507
1507,"<Point><coordinates> 33.34689289700003,35.15284948200008,0</coordinates></Point>",142,1507
1507,"<Point><coordinates> 33.34701483800006,35.15285370900006,0</coordinates></Point>",143,1507
1509,"<Point><coordinates> 33.35089377500003,35.16257074900005,0</coordinates></Point>",144,1509
1509,"<Point><coordinates> 33.35185600600005,35.16356598700003,0</coordinates></Point>",145,1509
1509,"<Point><coordinates> 33.35254118100005,35.16280971600003,0</coordinates></Point>",146,1509
1509,"<Point><coordinates> 33.35068642500005,35.16202989300007,0</coordinates></Point>",147,1509
1509,"<Point><coordinates> 33.35059008100006,35.16239953000007,0</coordinates></Point>",148,1509
1509,"<Point><coordinates> 33.35057959800002,35.15980206400008,0</coordinates></Point>",149,1509
1507,"<Point><coordinates> 33.35068534500005,35.15952253500007,0</coordinates></Point>",150,1507
1513,"<Point><coordinates> 33.35307370300006,35.15822604400006,0</coordinates></Point>",151,1513
1513,"<Point><coordinates> 33.35310311300003,35.16102672400007,0</coordinates></Point>",152,1513
1513,"<Point><coordinates> 33.35160321400008,35.16211873400005,0</coordinates></Point>",153,1513
1513,"<Point><coordinates> 33.35050646600007,35.16268498800002,0</coordinates></Point>",154,1513
1513,"<Point><coordinates> 33.35125411000007,35.16087809500004,0</coordinates></Point>",155,1513
1515,"<Point><coordinates> 33.35201562100008,35.16315076500007,0</coordinates></Point>",156,1515
1515,"<Point><coordinates> 33.35088593900008,35.16104157600006,0</coordinates></Point>",157,1515
1515,"<Point><coordinates> 33.35191032800003,35.16167193000007,0</coordinates></Point>",158,1515
1515,"<Point><coordinates> 33.35360670300003,35.16294346900003,0</coordinates></Point>",159,1515
1515,"<Point><coordinates> 33.35272053700004,35.16180330100008,0</coordinates></Point>",160,1515
1515,"<Point><coordinates> 33.35279755200003,35.15995119300004,0</coordinates></Point>",161,1515
1515,"<Point><coordinates> 33.35208148900006,35.16186961500006,0</coordinates></Point>",162,1515
1515,"<Point><coordinates> 33.35194281100007,35.16242241800006,0</coordinates></Point>",163,1515
1515,"<Point><coordinates> 33.35199223400008,35.16315283300003,0</coordinates></Point>",164,1515
1515,"<Point><coordinates> 33.35091288600006,35.16192676200006,0</coordinates></Point>",165,1515
1515,"<Point><coordinates> 33.35057034300007,35.16196379800005,0</coordinates></Point>",166,1515
1515,"<Point><coordinates> 33.35081981900004,35.16245863300003,0</coordinates></Point>",167,1515
1515,"<Point><coordinates> 33.35123372000004,35.16033846800008,0</coordinates></Point>",168,1515
1515,"<Point><coordinates> 33.35138263300007,35.16024923900005,0</coordinates></Point>",169,1515
1515,"<Point><coordinates> 33.35141242500004,35.16025294800005,0</coordinates></Point>",170,1515
1515,"<Point><coordinates> 33.35235729100003,35.16283222100003,0</coordinates></Point>",171,1515
1515,"<Point><coordinates> 33.34645366900003,35.15650922600003,0</coordinates></Point>",172,1515
1507,"<Point><coordinates> 33.35015025700005,35.16502088600004,0</coordinates></Point>",173,1507
1507,"<Point><coordinates> 33.35046121700003,35.16472064000004,0</coordinates></Point>",174,1507
1507,"<Point><coordinates> 33.35050623100005,35.16462092100005,0</coordinates></Point>",175,1507
1507,"<Point><coordinates> 33.35055602600005,35.16451363100003,0</coordinates></Point>",176,1507
1507,"<Point><coordinates> 33.35062254100006,35.16442517700006,0</coordinates></Point>",177,1507
1507,"<Point><coordinates> 33.35069023000006,35.16433105300007,0</coordinates></Point>",178,1507
1507,"<Point><coordinates> 33.34993530600008,35.16524622200006,0</coordinates></Point>",179,1507
1507,"<Point><coordinates> 33.34976477700008,35.16505873300002,0</coordinates></Point>",180,1507
1507,"<Point><coordinates> 33.34960419300006,35.16486243000003,0</coordinates></Point>",181,1507
1507,"<Point><coordinates> 33.34943790600005,35.16466614300003,0</coordinates></Point>",182,1507
1507,"<Point><coordinates> 33.34928017700003,35.16446983200007,0</coordinates></Point>",183,1507
1507,"<Point><coordinates> 33.34897609100005,35.16406780600005,0</coordinates></Point>",184,1507
1507,"<Point><coordinates> 33.34881835400006,35.16386915200008,0</coordinates></Point>",185,1507
1507,"<Point><coordinates> 33.34984099200005,35.16515010600006,0</coordinates></Point>",186,1507
1507,"<Point><coordinates> 33.34969160600008,35.16496641200007,0</coordinates></Point>",187,1507
1507,"<Point><coordinates> 33.34952866100008,35.16476626000008,0</coordinates></Point>",188,1507
1507,"<Point><coordinates> 33.34936003400003,35.16457190800003,0</coordinates></Point>",189,1507
1507,"<Point><coordinates> 33.34921166200007,35.16436785900004,0</coordinates></Point>",190,1507
1507,"<Point><coordinates> 33.34914086200007,35.16426451200005,0</coordinates></Point>",191,1507
1507,"<Point><coordinates> 33.34906298400006,35.16416834800003,0</coordinates></Point>",192,1507
1507,"<Point><coordinates> 33.34889819500006,35.16396778600006,0</coordinates></Point>",193,1507
1507,"<Point><coordinates> 33.34874282200008,35.16377298100008,0</coordinates></Point>",194,1507
1519,"<Point><coordinates> 33.34928543100006,35.16708351300008,0</coordinates></Point>",195,1519
1507,"<Point><coordinates> 33.35084567500007,35.16244367100006,0</coordinates></Point>",196,1507
1507,"<Point><coordinates> 33.35113843500005,35.16194053600003,0</coordinates></Point>",197,1507
1507,"<Point><coordinates> 33.35128779100006,35.16203794900008,0</coordinates></Point>",198,1507
1515,"<Point><coordinates> 33.35312172900007,35.16113527700003,0</coordinates></Point>",199,1515
1519,"<Point><coordinates> 33.35175820900003,35.16079906600004,0</coordinates></Point>",200,1519
1506,"<Point><coordinates> 33.35649609600006,35.15634365100004,0</coordinates></Point>",201,1506
1507,"<Point><coordinates> 33.35552488700006,35.16218205200005,0</coordinates></Point>",202,1507
1507,"<Point><coordinates> 33.35566594300008,35.15859979500004,0</coordinates></Point>",203,1507
1507,"<Point><coordinates> 33.35540217100004,35.15862949900003,0</coordinates></Point>",204,1507
1507,"<Point><coordinates> 33.35656312200007,35.15807299000005,0</coordinates></Point>",205,1507
1507,"<Point><coordinates> 33.35613458500006,35.15543032100004,0</coordinates></Point>",206,1507
1507,"<Point><coordinates> 33.35567196900007,35.15688498900005,0</coordinates></Point>",207,1507
1507,"<Point><coordinates> 33.35561055900007,35.15578974400006,0</coordinates></Point>",208,1507
1507,"<Point><coordinates> 33.35401827300007,35.16202935200005,0</coordinates></Point>",209,1507
1507,"<Point><coordinates> 33.35438144000005,35.16257078000007,0</coordinates></Point>",210,1507
1507,"<Point><coordinates> 33.35523762500003,35.15973960400004,0</coordinates></Point>",211,1507
1507,"<Point><coordinates> 33.35409578000008,35.15971088700007,0</coordinates></Point>",212,1507
1507,"<Point><coordinates> 33.35507852900003,35.15737355400006,0</coordinates></Point>",213,1507
1507,"<Point><coordinates> 33.35479498100006,35.15732565900004,0</coordinates></Point>",214,1507
1507,"<Point><coordinates> 33.35499558600003,35.15774594400006,0</coordinates></Point>",215,1507
1507,"<Point><coordinates> 33.35395437300008,35.15767156200008,0</coordinates></Point>",216,1507
1507,"<Point><coordinates> 33.35412765200005,35.15802411600004,0</coordinates></Point>",217,1507
1507,"<Point><coordinates> 33.35449717500006,35.15653866500003,0</coordinates></Point>",218,1507
1507,"<Point><coordinates> 33.35354726000003,35.15943663200005,0</coordinates></Point>",219,1507
1507,"<Point><coordinates> 33.35363725000008,35.15720483100006,0</coordinates></Point>",220,1507
1507,"<Point><coordinates> 33.35359611000007,35.15665096300006,0</coordinates></Point>",221,1507
1507,"<Point><coordinates> 33.35310707700006,35.15574944100007,0</coordinates></Point>",222,1507
1507,"<Point><coordinates> 33.35380947000004,35.15656342300008,0</coordinates></Point>",223,1507
1509,"<Point><coordinates> 33.35495426700004,35.16285310200004,0</coordinates></Point>",224,1509
1509,"<Point><coordinates> 33.35508497800004,35.15609632100006,0</coordinates></Point>",225,1509
1509,"<Point><coordinates> 33.35442196700006,35.15786168400007,0</coordinates></Point>",226,1509
1513,"<Point><coordinates> 33.35640145000008,35.16012568700006,0</coordinates></Point>",227,1513
1513,"<Point><coordinates> 33.35506992700005,35.15847118400006,0</coordinates></Point>",228,1513
1513,"<Point><coordinates> 33.35389039500006,35.15663203700007,0</coordinates></Point>",229,1513
1515,"<Point><coordinates> 33.35535237400006,35.16014201600007,0</coordinates></Point>",230,1515
1515,"<Point><coordinates> 33.35476754100006,35.16203907700003,0</coordinates></Point>",231,1515
1515,"<Point><coordinates> 33.35391206800006,35.15763870400008,0</coordinates></Point>",232,1515
1515,"<Point><coordinates> 33.35366708700008,35.15695164800007,0</coordinates></Point>",233,1515
1513,"<Point><coordinates> 33.35421722300004,35.16293330200006,0</coordinates></Point>",234,1513
1513,"<Point><coordinates> 33.35542016500006,35.16228041200003,0</coordinates></Point>",235,1513
1518,"<Point><coordinates> 33.35464734600004,35.15997160300003,0</coordinates></Point>",236,1518
1518,"<Point><coordinates> 33.35479370000007,35.15984123800007,0</coordinates></Point>",237,1518
1518,"<Point><coordinates> 33.35488764100006,35.16000338300006,0</coordinates></Point>",238,1518
1518,"<Point><coordinates> 33.35511870500005,35.15986116900007,0</coordinates></Point>",239,1518
1518,"<Point><coordinates> 33.35511799900007,35.15969875100006,0</coordinates></Point>",240,1518
1518,"<Point><coordinates> 33.35527453200007,35.15996048400007,0</coordinates></Point>",241,1518
1518,"<Point><coordinates> 33.35513942900008,35.16007921500005,0</coordinates></Point>",242,1518
1518,"<Point><coordinates> 33.35536542700004,35.16007159200007,0</coordinates></Point>",243,1518
1518,"<Point><coordinates> 33.35544697800003,35.15998318100003,0</coordinates></Point>",244,1518
1518,"<Point><coordinates> 33.35342272600008,35.15714370200004,0</coordinates></Point>",245,1518
1518,"<Point><coordinates> 33.35336935300006,35.15720047300005,0</coordinates></Point>",246,1518
1518,"<Point><coordinates> 33.35346527600007,35.15724108400008,0</coordinates></Point>",247,1518
1518,"<Point><coordinates> 33.35353947500005,35.15712920800007,0</coordinates></Point>",248,1518
1518,"<Point><coordinates> 33.35350388700005,35.15731331300003,0</coordinates></Point>",249,1518
1518,"<Point><coordinates> 33.35357054900004,35.15722976800004,0</coordinates></Point>",250,1518
1518,"<Point><coordinates> 33.35349514700005,35.15706328500005,0</coordinates></Point>",251,1518
1507,"<Point><coordinates> 33.35476095300004,35.15827281100007,0</coordinates></Point>",252,1507
1551,"<Point><coordinates> 33.35477321300004,35.15877304900005,0</coordinates></Point>",253,1551
1551,"<Point><coordinates> 33.35470077500003,35.15866667600005,0</coordinates></Point>",254,1551
1551,"<Point><coordinates> 33.35462265000007,35.15855613100007,0</coordinates></Point>",255,1551
1551,"<Point><coordinates> 33.35454512600006,35.15845303200007,0</coordinates></Point>",256,1551
1551,"<Point><coordinates> 33.35446614200004,35.15834294500007,0</coordinates></Point>",257,1551
1551,"<Point><coordinates> 33.35449013700003,35.15824416400005,0</coordinates></Point>",258,1551
1551,"<Point><coordinates> 33.35455107900003,35.15816277400006,0</coordinates></Point>",259,1551
1551,"<Point><coordinates> 33.35461318300003,35.15808132300003,0</coordinates></Point>",260,1551
1551,"<Point><coordinates> 33.35468545800006,35.15800716900003,0</coordinates></Point>",261,1551
1507,"<Point><coordinates> 33.35277486000007,35.16312655700006,0</coordinates></Point>",262,1507
